config,file,score,GS_to_prompt,GS_within,PitchHistCos,H4_cont,H4_prompt,H4_match,DensityMatch,RegisterMatch
remiplus,cfgA.mid,0.7156267875886904,0.6479166666666667,0.540948275862069,0.9553360321216732,2.596937381329679,2.770610257279118,0.9373160207238983,0.5315436241610738,0.953975813315858
remiplus,cfgB.mid,0.7131267922786283,0.65625,0.5560344827586207,0.8624127413835971,2.65021493479454,2.770610257279118,0.9565455580884147,0.6174496644295302,0.921176198813345
remiplus,cfgC.mid,0.7300793531704242,0.63125,0.5643678160919541,0.9712352488577023,2.70072014252695,2.770610257279118,0.9747744690655972,0.5852348993288591,0.9705978182788416
chd,cfgA.mid,0.7258646625129259,0.6653225806451613,0.5298387096774193,0.9349243659423749,2.7426687951138295,2.770610257279118,0.9899150513530804,0.6183156527386879,0.910721727169615
chd,cfgB.mid,0.7240199721600087,0.6733870967741935,0.568010752688172,0.9106749069728709,2.486910645947502,2.770610257279118,0.8976039265767306,0.5455726347694306,0.995506196512908
chd,cfgC.mid,0.7506575474231831,0.6471774193548387,0.6051075268817204,0.9642190422461031,2.7331107898701115,2.770610257279118,0.9864652679638048,0.6477592552500542,0.9615185610546843
wochd,cfgA.mid,0.7711121032638778,0.7157258064516129,0.5198924731182796,0.9174940087901723,2.7496593662717506,2.770610257279118,0.9924381673848481,0.8486685429746699,0.9199487513126056
wochd,cfgB.mid,0.7716830824622274,0.725,0.5130747126436782,0.8924755002857947,2.568109183033445,2.770610257279118,0.9269110212403027,0.9333333333333333,0.8672748881431768
wochd,cfgC.mid,0.7336504440505341,0.6653225806451613,0.5129032258064516,0.8261429296497514,2.8395571492541927,2.770610257279118,0.9751149077016757,0.788049361333622,0.9928128918061804
