config,file,score,GS_to_prompt,GS_within,PitchHistCos,H4_cont,H4_prompt,H4_match,DensityMatch,RegisterMatch
remiplus,cfgA.mid,0.7922282388785209,0.7560483870967742,0.6263440860215054,0.9862520370333453,2.6249955930212123,2.626138427907025,0.9995648230597184,0.6316164676528249,0.9817378683760897
remiplus,cfgB.mid,0.8081319686782023,0.7782258064516129,0.7650537634408602,0.987705321086586,2.3649924379197564,2.626138427907025,0.9005589396156104,0.5375155943682053,0.9845712370121782
remiplus,cfgC.mid,0.8292498573822548,0.8310185185185185,0.707977207977208,0.9975678071546664,2.5151997627474736,2.626138427907025,0.9577559720460102,0.6089625537139349,0.9960311714093347
chd,cfgA.mid,0.7481773531487375,0.68125,0.5826149425287356,0.9820049631810956,2.5160699957643664,2.626138427907025,0.9580873456734036,0.5583793738489871,0.9921709864575287
chd,cfgB.mid,0.7889063982165611,0.7479166666666667,0.6672413793103448,0.9802415453916333,2.42751848390953,2.626138427907025,0.9243680600052028,0.6423572744014733,0.9246281911568418
chd,cfgC.mid,0.7815742213685354,0.7458333333333333,0.618103448275862,0.9753606162794889,2.7185111246801275,2.626138427907025,0.9648256558788024,0.6261510128913443,0.9696747372982343
wochd,cfgA.mid,0.7755483305820301,0.7349137931034483,0.6299261083743842,0.875766971002348,2.3266794367231762,2.626138427907025,0.8859698376895878,0.7803391122118499,0.9258621805939226
wochd,cfgB.mid,0.8557242605652507,0.84375,0.7719827586206897,0.8943605831469261,2.505405168219392,2.626138427907025,0.9540263154429925,0.8147329650092081,0.9941933168819665
wochd,cfgC.mid,0.795218112720255,0.7075892857142857,0.5831679894179894,0.9060518868775315,2.4952813252451707,2.626138427907025,0.9501712852333741,0.9486977111286504,0.9528413081589876
